{"cameraMode":{"drawMode":0,"name":"Shaded","section":"Shading Mode"},"sceneLighting":false,"audioPlay":false,"sceneViewState":{"m_AlwaysRefresh":false,"showFog":true,"showSkybox":true,"showFlares":true,"showImageEffects":true,"showParticleSystems":true,"showVisualEffectGraphs":true,"m_FxEnabled":true},"in2DMode":false,"pivot":{"x":64.22132873535156,"y":25.905284881591798,"z":84.94939422607422},"rotation":{"x":0.04643390327692032,"y":0.8507369756698608,"z":-0.07626832276582718,"w":0.5179714560508728},"size":28.007732391357423,"orthographic":false}